model,val_auc,val_aupr,val_acc,intest_auc,intest_aupr,intest_acc,extest_auc,extest_aupr,extest_acc
SVC,0.9133745245056207,0.6162077825770933,0.9491419045905977,0.9119816031625646,0.6350969098106125,0.9467153284671533,0.9098714037381586,0.5848492863642563,0.9429501547657168
KNeighborsClassifier,0.7860687843491238,0.47825593898006347,0.9495070901590502,0.7905107119126401,0.4759935949577448,0.9450121654501217,0.7954912824726018,0.47467600976135244,0.9476464937560038
GaussianNB,0.8583133555163753,0.3688262066022733,0.8400647837051809,0.8665281254824051,0.38749150763849805,0.8418491484184915,0.851266738303852,0.3425287779584362,0.8266623972675846
LogisticRegression,0.9138280167840496,0.6365705559797633,0.9516361734681416,0.9146008537313834,0.6522103868346029,0.9479318734793187,0.909203958914655,0.6089475788349406,0.9458319991461202
MLPClassifier,0.9098733556416023,0.634259816100417,0.951940402248184,0.9145203130348405,0.6473350421314896,0.948905109489051,0.9081107821478132,0.6129276919299523,0.946685878962536
DecisionTreeClassifier,0.8768355986406533,0.5622878698411286,0.8542975090991053,0.8949627667071608,0.6167020378634912,0.848661800486618,0.883652047838277,0.5803345177577589,0.845714590671363
RandomForestClassifier,0.9146574592524453,0.6315070631961586,0.9499327698809067,0.9094579946708905,0.6429806036281874,0.9464720194647201,0.9073424148911833,0.5986518100844047,0.9443910769559185
