model,val_auc,val_aupr,val_acc,intest_auc,intest_aupr,intest_acc,extest_auc,extest_aupr,extest_acc
MLPClassifier,0.9203922319998943,0.6499970255484988,0.952123180086413,0.9203234380138665,0.6726305941154701,0.9510948905109489,0.920289771579241,0.6527414020414533,0.9506350731134593
SVC,0.9166631246801666,0.6203489259809591,0.9499936896585162,0.9181639405878128,0.645119825590095,0.9484184914841849,0.9168351768636941,0.6052920366001016,0.9456185291920163
KNeighborsClassifier,0.8063931631443187,0.4603039940370925,0.9449443986744213,0.8151045686710114,0.46748070337662473,0.9418491484184914,0.8115066185077757,0.4705206563059319,0.9444978119329704
GaussianNB,0.8715633057182396,0.43952316368937916,0.7718097615246081,0.8834798446906901,0.4734788142993489,0.7413625304136253,0.8691235173690952,0.4316023981987569,0.7253175365567296
LogisticRegression,0.9176450642728069,0.6473317868502759,0.9524271682962523,0.9206573463182832,0.6767744003341751,0.9501216545012166,0.9171190746947071,0.6367637482034888,0.9501547657167254
DecisionTreeClassifier,0.8806395631654246,0.5688992801592263,0.8557601389237407,0.8717603343781251,0.5843797892358205,0.8547445255474453,0.880169962979105,0.5798661917188911,0.8494503148681823
RandomForestClassifier,0.9185706602144611,0.6422433966545144,0.9529747245841282,0.916624438732021,0.6719673785216982,0.9537712895377128,0.9120651464220648,0.6298364914643133,0.9512754829757711
