model,val_auc,val_aupr,val_acc,intest_auc,intest_aupr,intest_acc,extest_auc,extest_aupr,extest_acc
MLPClassifier,0.9201245120880246,0.6697815276893607,0.9539479235830599,0.9258220184840898,0.6972410265605348,0.9515815085158151,0.9210020313901122,0.666763565917815,0.9502081332052513
SVC,0.9160874984079138,0.6281871183767657,0.9508454007048337,0.9196140926083777,0.6711590197637238,0.948661800486618,0.9144661819050149,0.6147954547576171,0.9459921016116981
KNeighborsClassifier,0.7932199351766096,0.4887607752927427,0.9499937266693166,0.8017931211533427,0.49905236973056605,0.9464720194647201,0.7970021758333876,0.48108073106448795,0.9473796563133738
GaussianNB,0.8741711009668338,0.4100307570176332,0.8662238694495829,0.8835482203861926,0.4379060202959563,0.8654501216545012,0.8708338551659761,0.39066411455727595,0.8489700074714484
LogisticRegression,0.9171960882659,0.6516998801072564,0.9526095205102753,0.923422576899586,0.6911708648233529,0.9518248175182482,0.9149923353221419,0.6394365042149552,0.9487672110150497
DecisionTreeClassifier,0.8745762501153967,0.5560954767151249,0.8409780252073158,0.882687861174686,0.5889438713135559,0.8613138686131386,0.8711024946105126,0.5613003380789198,0.8551072686519372
RandomForestClassifier,0.9160491519705545,0.6496599709494296,0.9534613425889944,0.9185783895887726,0.6775801891673148,0.9518248175182482,0.9113248537616203,0.6255582719901205,0.9484470060838937
