model,val_auc,val_aupr,val_acc,intest_auc,intest_aupr,intest_acc,extest_auc,extest_aupr,extest_acc
SVC,0.9143782901904496,0.6273685188846937,0.9507844254110236,0.922819360641104,0.6687083483264822,0.9484184914841849,0.9140279051049426,0.613356889358178,0.9463123065428541
KNeighborsClassifier,0.8038987059067605,0.4954543859103541,0.950297936943959,0.7964824689750525,0.5010015194361563,0.9452554744525548,0.8027693240889637,0.49041663953961445,0.9471128188707439
GaussianNB,0.8735842180075128,0.4085451506342618,0.8681707855986535,0.8829655587846408,0.43871699255704,0.8673965936739659,0.8709516223568133,0.38995286477038005,0.8527590991567937
LogisticRegression,0.9157625128144158,0.6511499390086166,0.9532179225541597,0.9250048660004162,0.6914422144476242,0.9518248175182482,0.914623378770345,0.6395705343153787,0.9493008859003095
MLPClassifier,0.9132977161292898,0.6478606386293455,0.9533395770553763,0.9241415704093481,0.6747470222713434,0.9515815085158151,0.914310529664307,0.6354657166301996,0.9483936385953677
DecisionTreeClassifier,0.8755607566837691,0.5590432151167514,0.8622087897690305,0.8914617633043161,0.628077555857216,0.8379562043795621,0.8764796877687437,0.5758751795023218,0.8313587362578717
RandomForestClassifier,0.9165443198306044,0.6501428259047904,0.9531571693251525,0.9217362560657212,0.6845146560873309,0.9537712895377128,0.9122182312461697,0.6356725096387033,0.9490874159462056
