model,val_auc,val_aupr,val_acc,intest_auc,intest_aupr,intest_acc,extest_auc,extest_aupr,extest_acc
SVC,0.9167688566929915,0.6355467142720667,0.9509667591196465,0.9205080104434437,0.6730714864919304,0.9472019464720195,0.9155817557288876,0.6134003255701532,0.9461522040772761
KNeighborsClassifier,0.7921576271873618,0.4825306308815073,0.9495070901590502,0.8094902109495077,0.5192005575545044,0.9474452554744526,0.7940665123711909,0.48526107676265307,0.9480200661756858
GaussianNB,0.8731376480671613,0.40503716738816287,0.8668329191824758,0.8856426979790998,0.44158013856354233,0.8710462287104623,0.8704594506813883,0.3869100947688156,0.8569217632618209
LogisticRegression,0.9172892094717747,0.6554318513498524,0.9527919652512995,0.9229208754773714,0.6886898866897384,0.9513381995133819,0.9143604168649632,0.6370576341740876,0.9494609883658875
MLPClassifier,0.9159622241142046,0.6572606628943243,0.9536437133084176,0.9228940285785238,0.6848908765332251,0.9523114355231144,0.9140233547242971,0.6384565858394512,0.9485003735724197
DecisionTreeClassifier,0.8874605894420778,0.5654804739396712,0.8761373974153136,0.8757957588611547,0.5840916551669252,0.854257907542579,0.8792113146675884,0.5655230638872866,0.8491834774255523
RandomForestClassifier,0.918353329854811,0.646987950118789,0.9524879400306597,0.9226209452793086,0.6847603262700841,0.9527980535279805,0.912979125859354,0.633942836619997,0.9505283381364072
